1,Senior Developer,275
2,GIS Technical Architect,264
3,Account Executive,246
4,Analyst Programmer,241
5,Computer Systems Analyst II,263
6,VP Quality Control,268
7,Nurse Practicioner,263
8,Project Manager,183
9,Programmer III,189
10,Analyst Programmer,185
11,Staff Scientist,202
12,Safety Technician IV,238
13,Analyst Programmer,201
14,Chemical Engineer,216
15,Librarian,198
16,Clinical Specialist,209
17,Software Consultant,288
18,Web Developer I,246
19,Administrative Officer,281
20,Marketing Manager,204
21,Systems Administrator I,233
22,Structural Engineer,220
23,Structural Analysis Engineer,223
24,Environmental Tech,275
25,Analyst Programmer,207
26,Business Systems Development Analyst,235
27,Senior Financial Analyst,249
28,Teacher,222
29,Assistant Media Planner,216
30,Civil Engineer,258
31,Automation Specialist II,221
32,Community Outreach Specialist,285
33,Director of Sales,182
34,Recruiter,297
35,Developer II,183
36,Sales Associate,262
37,Civil Engineer,257
38,Senior Financial Analyst,282
39,Senior Financial Analyst,200
40,Recruiter,227
41,Product Engineer,294
42,Software Engineer IV,267
43,Recruiter,274
44,Financial Analyst,186
45,Social Worker,202
46,Senior Sales Associate,270
47,Assistant Manager,212
48,GIS Technical Architect,275
49,Financial Advisor,245
50,Compensation Analyst,232
51,GIS Technical Architect,270
52,Occupational Therapist,272
53,Environmental Specialist,296
54,Financial Advisor,244
55,Pharmacist,186
56,Director of Sales,208
57,Health Coach III,237
58,Media Manager III,273
59,Recruiting Manager,259
60,VP Quality Control,300
61,Librarian,183
62,Administrative Officer,276
63,Software Engineer IV,296
64,Legal Assistant,246
65,Help Desk Operator,216
66,Human Resources Manager,186
67,Help Desk Operator,274
68,Senior Developer,197
69,Senior Financial Analyst,240
70,Biostatistician III,214
71,Systems Administrator I,257
72,Recruiter,265
73,Financial Analyst,247
74,Pharmacist,180
75,Internal Auditor,189
76,Senior Editor,274
77,Social Worker,185
78,Nurse,219
79,Paralegal,231
80,Legal Assistant,232
81,Professor,291
82,Quality Engineer,202
83,Librarian,180
84,Food Chemist,220
85,Assistant Manager,208
86,VP Marketing,212
87,Sales Associate,282
88,Software Test Engineer IV,222
89,Assistant Professor,278
90,Sales Representative,299
91,Staff Scientist,202
92,Legal Assistant,209
93,Cost Accountant,272
94,Staff Scientist,272
95,Structural Engineer,279
96,Cost Accountant,285
97,Help Desk Technician,283
98,Account Executive,239
99,Senior Developer,191
100,Web Developer IV,191
101,Account Coordinator,261
102,Senior Quality Engineer,262
103,Product Engineer,190
104,Assistant Professor,285
105,Programmer III,230
106,Product Engineer,268
107,Account Coordinator,244
108,Clinical Specialist,185
109,Budget/Accounting Analyst I,238
110,Assistant Manager,222
111,Assistant Manager,184
112,Technical Writer,209
113,Senior Quality Engineer,241
114,Senior Financial Analyst,196
115,Analog Circuit Design manager,286
116,Junior Executive,251
117,Staff Scientist,203
118,Pharmacist,269
119,Registered Nurse,233
120,Tax Accountant,241
121,Accounting Assistant I,282
122,Automation Specialist IV,233
123,Assistant Media Planner,261
124,Research Assistant II,239
125,Account Coordinator,202
126,Structural Analysis Engineer,208
127,Social Worker,271
128,Clinical Specialist,245
129,Speech Pathologist,188
130,Director of Sales,269
131,Developer IV,260
132,Nuclear Power Engineer,187
133,Software Test Engineer I,277
134,Financial Advisor,245
135,Developer IV,243
136,Chief Design Engineer,234
137,Sales Associate,257
138,Assistant Manager,231
139,Data Coordiator,211
140,Administrative Assistant I,266
141,Web Developer I,280
142,Librarian,191
143,Registered Nurse,180
144,Nurse,295
145,Junior Executive,269
146,Technical Writer,286
147,Teacher,186
148,General Manager,235
149,Clinical Specialist,230
150,Senior Quality Engineer,211
151,Physical Therapy Assistant,262
152,Budget/Accounting Analyst III,229
153,Nurse Practicioner,266
154,Engineer II,293
155,Marketing Assistant,254
156,Mechanical Systems Engineer,253
157,Recruiting Manager,298
158,Actuary,181
159,Civil Engineer,283
160,Nurse,237
161,Financial Analyst,282
162,Community Outreach Specialist,231
163,Account Coordinator,231
164,Civil Engineer,220
165,Desktop Support Technician,272
166,Geologist I,228
167,Business Systems Development Analyst,270
168,Food Chemist,267
169,Physical Therapy Assistant,260
170,Structural Analysis Engineer,185
171,Associate Professor,281
172,Senior Cost Accountant,204
173,Chemical Engineer,235
174,Community Outreach Specialist,265
175,Human Resources Assistant IV,292
176,Administrative Officer,201
177,Environmental Specialist,205
178,Registered Nurse,287
179,Quality Control Specialist,268
180,Geological Engineer,210
181,Product Engineer,289
182,Assistant Manager,280
183,Assistant Media Planner,225
184,Software Engineer III,245
185,Registered Nurse,265
186,Quality Control Specialist,275
187,Paralegal,280
188,Office Assistant III,195
189,General Manager,233
190,Research Nurse,271
191,VP Marketing,261
192,Actuary,229
193,Analog Circuit Design manager,295
194,Media Manager IV,262
195,Geologist II,206
196,General Manager,223
197,Chemical Engineer,263
198,Data Coordiator,254
199,VP Product Management,205
200,Project Manager,184
201,Marketing Manager,269
202,Legal Assistant,268
203,Senior Cost Accountant,193
204,Automation Specialist IV,188
205,Teacher,240
206,VP Sales,205
207,Compensation Analyst,252
208,Analyst Programmer,239
209,Desktop Support Technician,244
210,Marketing Manager,195
211,Help Desk Operator,268
212,VP Sales,196
213,Executive Secretary,260
214,Senior Quality Engineer,193
215,Accountant IV,214
216,Nuclear Power Engineer,288
217,Human Resources Manager,247
218,Staff Scientist,268
219,Web Developer IV,261
220,Clinical Specialist,285
221,Help Desk Technician,256
222,Nurse,276
223,Automation Specialist II,230
224,VP Product Management,217
225,Software Engineer II,247
226,Database Administrator I,231
227,Food Chemist,197
228,Software Engineer III,300
229,Graphic Designer,282
230,Community Outreach Specialist,236
231,Senior Editor,193
232,Human Resources Manager,224
233,Structural Analysis Engineer,192
234,Senior Sales Associate,184
235,Data Coordiator,259
236,Product Engineer,221
237,Staff Scientist,260
238,Geologist II,260
239,Director of Sales,275
240,Staff Accountant II,293
241,Research Associate,251
242,Web Designer I,293
243,Sales Associate,194
244,Account Representative I,184
245,GIS Technical Architect,217
246,Assistant Manager,279
247,Information Systems Manager,230
248,Software Consultant,203
249,Environmental Specialist,190
250,Professor,194
251,Geological Engineer,181
252,Senior Quality Engineer,276
253,Analyst Programmer,262
254,Research Assistant I,262
255,Paralegal,236
256,Web Designer I,296
257,Account Executive,232
258,General Manager,227
259,Software Test Engineer IV,223
260,Systems Administrator II,289
261,Nurse,243
262,Staff Scientist,250
263,Director of Sales,254
264,Web Developer III,232
265,Human Resources Manager,246
266,Geological Engineer,228
267,Technical Writer,181
268,Teacher,186
269,Health Coach II,277
270,VP Product Management,181
271,Accounting Assistant IV,198
272,Web Designer IV,212
273,Dental Hygienist,240
274,Senior Cost Accountant,290
275,Engineer II,180
276,Associate Professor,185
277,Administrative Officer,253
278,Data Coordiator,180
279,Clinical Specialist,299
280,Human Resources Manager,216
281,VP Accounting,224
282,Research Assistant I,231
283,Nurse,202
284,Systems Administrator III,225
285,Legal Assistant,250
286,Statistician I,208
287,Nuclear Power Engineer,185
288,Human Resources Manager,291
289,Sales Associate,222
290,Marketing Manager,240
291,Environmental Specialist,247
292,Pharmacist,236
293,Marketing Assistant,280
294,Pharmacist,202
295,Payment Adjustment Coordinator,288
296,Health Coach III,212
297,Staff Accountant II,187
298,Project Manager,185
299,Mechanical Systems Engineer,191
300,Compensation Analyst,199
301,Marketing Assistant,208
302,Senior Editor,229
303,Associate Professor,221
304,Analyst Programmer,182
305,Systems Administrator III,261
306,Design Engineer,221
307,Director of Sales,289
308,Information Systems Manager,258
309,Occupational Therapist,223
310,Pharmacist,264
311,General Manager,273
312,Office Assistant III,197
313,Database Administrator II,209
314,Executive Secretary,269
315,Tax Accountant,251
316,Associate Professor,223
317,Occupational Therapist,181
318,Quality Engineer,265
319,Senior Developer,292
320,Pharmacist,229
321,Chief Design Engineer,221
322,Design Engineer,223
323,Recruiter,208
324,Analog Circuit Design manager,293
325,Information Systems Manager,295
326,Community Outreach Specialist,192
327,Nuclear Power Engineer,296
328,Teacher,188
329,Pharmacist,261
330,Staff Scientist,285
331,Media Manager IV,236
332,Quality Control Specialist,300
333,Graphic Designer,189
334,Marketing Manager,242
335,Account Representative II,229
336,Accountant I,217
337,Staff Accountant II,229
338,Geologist IV,222
339,Administrative Assistant III,296
340,Nuclear Power Engineer,294
341,Junior Executive,219
342,Help Desk Operator,188
343,Internal Auditor,265
344,Financial Advisor,193
345,Geological Engineer,194
346,Senior Editor,273
347,Computer Systems Analyst II,226
348,Systems Administrator II,185
349,Geologist II,298
350,Registered Nurse,194
351,Media Manager I,233
352,Junior Executive,195
353,Environmental Tech,272
354,Librarian,295
355,Financial Advisor,266
356,Marketing Assistant,235
357,Speech Pathologist,209
358,Physical Therapy Assistant,245
359,Research Nurse,257
360,VP Accounting,276
361,Geologist II,241
362,Statistician III,194
363,Occupational Therapist,293
364,Dental Hygienist,211
365,Information Systems Manager,271
366,Senior Developer,265
367,Internal Auditor,204
368,Junior Executive,254
369,Junior Executive,194
370,Safety Technician I,186
371,Automation Specialist IV,195
372,Safety Technician IV,257
373,Biostatistician II,220
374,Speech Pathologist,207
375,Marketing Manager,248
376,Marketing Manager,208
377,Recruiting Manager,224
378,Research Assistant II,198
379,Nurse,253
380,Mechanical Systems Engineer,275
381,Payment Adjustment Coordinator,274
382,VP Product Management,201
383,Staff Accountant IV,296
384,Media Manager III,267
385,Staff Accountant III,222
386,VP Quality Control,237
387,Desktop Support Technician,201
388,Administrative Officer,214
389,Speech Pathologist,259
390,Tax Accountant,192
391,Office Assistant III,220
392,Operator,212
393,Research Nurse,189
394,Occupational Therapist,250
395,GIS Technical Architect,296
396,Quality Control Specialist,285
397,GIS Technical Architect,231
398,Systems Administrator I,276
399,Community Outreach Specialist,198
400,Internal Auditor,213
401,Account Representative IV,298
402,Research Nurse,294
403,Electrical Engineer,186
404,Cost Accountant,235
405,Senior Sales Associate,284
406,Assistant Professor,218
407,Safety Technician I,245
408,Pharmacist,294
409,Nuclear Power Engineer,239
410,Help Desk Operator,210
411,Social Worker,289
412,VP Sales,182
413,VP Product Management,197
414,Quality Engineer,228
415,Registered Nurse,292
416,Desktop Support Technician,180
417,Health Coach IV,202
418,Analyst Programmer,287
419,Staff Accountant II,185
420,Senior Cost Accountant,263
421,Analog Circuit Design manager,233
422,Business Systems Development Analyst,219
423,Dental Hygienist,195
424,Senior Developer,198
425,Teacher,283
426,Help Desk Operator,288
427,Senior Developer,238
428,Internal Auditor,200
429,Physical Therapy Assistant,237
430,Payment Adjustment Coordinator,227
431,Automation Specialist II,210
432,Graphic Designer,250
433,Web Designer I,272
434,Analog Circuit Design manager,186
435,Research Assistant II,205
436,Senior Cost Accountant,232
437,Programmer III,204
438,Sales Associate,223
439,Administrative Assistant I,198
440,Speech Pathologist,226
441,Compensation Analyst,262
442,Media Manager IV,275
443,Executive Secretary,262
444,Structural Analysis Engineer,258
445,Staff Accountant II,205
446,Assistant Professor,289
447,Teacher,193
448,Assistant Professor,270
449,Payment Adjustment Coordinator,240
450,Software Consultant,260
451,Graphic Designer,220
452,Operator,259
453,Nurse Practicioner,274
454,Budget/Accounting Analyst IV,194
455,Assistant Media Planner,263
456,Recruiter,253
457,Compensation Analyst,200
458,Nurse,204
459,Systems Administrator I,221
460,Research Assistant I,222
461,Product Engineer,281
462,Accounting Assistant III,228
463,Software Engineer IV,190
464,Recruiter,287
465,Assistant Professor,246
466,Accounting Assistant I,223
467,Assistant Manager,188
468,Payment Adjustment Coordinator,197
469,Tax Accountant,194
470,Assistant Manager,300
471,Accounting Assistant I,214
472,Paralegal,187
473,Legal Assistant,189
474,Account Executive,214
475,Financial Analyst,218
476,Senior Sales Associate,192
477,Geologist III,242
478,Physical Therapy Assistant,278
479,Senior Financial Analyst,244
480,Marketing Manager,199
481,Engineer II,242
482,Research Assistant II,249
483,Administrative Assistant I,216
484,Budget/Accounting Analyst IV,194
485,Biostatistician III,218
486,Financial Analyst,275
487,Mechanical Systems Engineer,206
488,Administrative Officer,261
489,Environmental Tech,280
490,Analyst Programmer,256
491,Software Engineer IV,256
492,Human Resources Assistant I,262
493,Internal Auditor,253
494,Automation Specialist III,265
495,Nurse Practicioner,203
496,Accountant II,211
497,Environmental Tech,240
498,Web Designer I,213
499,Help Desk Operator,207
500,Web Developer III,266
501,Sales Associate,267
502,Information Systems Manager,193
503,Database Administrator IV,197
504,Chief Design Engineer,234
505,Desktop Support Technician,206
506,Legal Assistant,282
507,Administrative Assistant I,259
508,VP Sales,279
509,Assistant Manager,225
510,Junior Executive,217
511,Librarian,280
512,Recruiting Manager,189
513,Structural Engineer,208
514,Health Coach III,278
515,Software Engineer II,240
516,Structural Analysis Engineer,269
517,Developer IV,296
518,Project Manager,275
519,Tax Accountant,200
520,Business Systems Development Analyst,218
521,Community Outreach Specialist,199
522,Programmer III,258
523,VP Quality Control,266
524,Chief Design Engineer,288
525,Administrative Assistant I,235
526,Business Systems Development Analyst,274
527,Quality Engineer,277
528,Information Systems Manager,184
529,Physical Therapy Assistant,299
530,Marketing Manager,272
531,Clinical Specialist,300
532,Assistant Professor,233
533,Senior Editor,294
534,Administrative Officer,213
535,Speech Pathologist,231
536,Sales Representative,214
537,Media Manager III,220
538,Help Desk Technician,268
539,Safety Technician III,261
540,Account Representative I,299
541,Computer Systems Analyst IV,180
542,Help Desk Operator,248
543,Chemical Engineer,290
544,Director of Sales,202
545,Desktop Support Technician,294
546,Food Chemist,196
547,Quality Control Specialist,185
548,Data Coordiator,298
549,Account Coordinator,276
550,Senior Editor,233
551,Mechanical Systems Engineer,297
552,Chemical Engineer,286
553,Social Worker,239
554,Web Designer II,223
555,Software Engineer I,245
556,Environmental Tech,232
557,Web Developer III,215
558,Nurse Practicioner,207
559,Account Representative III,216
560,Help Desk Technician,255
561,Research Assistant I,289
562,Software Consultant,284
563,Web Designer II,293
564,Research Assistant I,212
565,Human Resources Manager,181
566,Software Consultant,270
567,Financial Advisor,185
568,Accountant IV,213
569,VP Marketing,232
570,Design Engineer,261
571,Dental Hygienist,232
572,Recruiter,244
573,Desktop Support Technician,186
574,Registered Nurse,230
575,Developer III,263
576,Accounting Assistant II,300
577,Electrical Engineer,215
578,VP Quality Control,247
579,Payment Adjustment Coordinator,210
580,Analog Circuit Design manager,227
581,Tax Accountant,287
582,Nurse,229
583,Senior Financial Analyst,223
584,Design Engineer,219
585,Director of Sales,298
586,VP Accounting,214
587,Desktop Support Technician,191
588,Editor,257
589,General Manager,246
590,Professor,215
591,Professor,252
592,Technical Writer,269
593,Mechanical Systems Engineer,261
594,Paralegal,245
595,Senior Quality Engineer,293
596,Research Associate,203
597,VP Sales,232
598,Computer Systems Analyst II,228
599,Media Manager II,264
600,Automation Specialist II,263
601,Environmental Specialist,188
602,Engineer III,220
603,Programmer Analyst II,258
604,Account Coordinator,184
605,Junior Executive,184
606,Quality Control Specialist,238
607,Human Resources Assistant I,261
608,Chemical Engineer,185
609,Graphic Designer,232
610,Recruiting Manager,222
611,Developer I,295
612,Dental Hygienist,274
613,Software Consultant,189
614,Administrative Officer,262
615,Staff Accountant IV,203
616,Tax Accountant,228
617,Community Outreach Specialist,226
618,Accounting Assistant III,201
619,VP Quality Control,237
620,Quality Control Specialist,212
621,Physical Therapy Assistant,191
622,Associate Professor,218
623,Librarian,189
624,Health Coach I,296
625,Structural Engineer,199
626,Research Nurse,189
627,Assistant Media Planner,200
628,Legal Assistant,228
629,Research Associate,231
630,Payment Adjustment Coordinator,275
631,Sales Representative,233
632,Pharmacist,212
633,Environmental Tech,222
634,Dental Hygienist,278
635,Senior Sales Associate,278
636,Analog Circuit Design manager,272
637,Nuclear Power Engineer,280
638,Design Engineer,211
639,Nurse Practicioner,256
640,Biostatistician II,211
641,Geologist II,272
642,Speech Pathologist,239
643,Business Systems Development Analyst,285
644,Programmer Analyst IV,228
645,Staff Accountant II,187
646,Research Associate,215
647,Account Representative II,244
648,Web Developer II,186
649,Senior Editor,215
650,Electrical Engineer,293
651,Accountant III,217
652,Graphic Designer,196
653,Computer Systems Analyst II,207
654,Desktop Support Technician,278
655,Marketing Manager,220
656,Sales Associate,200
657,Structural Analysis Engineer,227
658,Desktop Support Technician,217
659,Structural Engineer,270
660,Paralegal,192
661,Sales Associate,284
662,VP Marketing,270
663,Actuary,257
664,Account Coordinator,186
665,Statistician I,256
666,Actuary,220
667,Tax Accountant,220
668,Account Representative IV,206
669,Marketing Assistant,239
670,Recruiting Manager,273
671,Director of Sales,214
672,Accountant II,247
673,Account Executive,217
674,Actuary,261
675,Operator,230
676,Actuary,225
677,Nurse,248
678,Research Associate,231
679,Structural Analysis Engineer,207
680,Marketing Manager,184
681,Sales Representative,260
682,Project Manager,210
683,Graphic Designer,202
684,Senior Quality Engineer,216
685,Health Coach IV,235
686,Sales Representative,201
687,Financial Analyst,291
688,Social Worker,290
689,Software Consultant,290
690,Human Resources Assistant I,292
691,Dental Hygienist,245
692,Senior Sales Associate,212
693,Social Worker,189
694,Civil Engineer,197
695,Community Outreach Specialist,263
696,Senior Developer,255
697,Editor,282
698,Chief Design Engineer,228
699,Nurse Practicioner,285
700,Speech Pathologist,211
701,Web Designer I,267
702,Executive Secretary,208
703,Clinical Specialist,202
704,Administrative Officer,181
705,Cost Accountant,209
706,Payment Adjustment Coordinator,215
707,Product Engineer,291
708,Professor,266
709,Director of Sales,200
710,Dental Hygienist,257
711,Nurse Practicioner,265
712,Project Manager,230
713,Developer III,245
714,Marketing Assistant,288
715,Business Systems Development Analyst,237
716,Chemical Engineer,277
717,Registered Nurse,183
718,Computer Systems Analyst IV,223
719,Research Assistant IV,290
720,Nurse Practicioner,255
721,Recruiting Manager,286
722,Mechanical Systems Engineer,243
723,Clinical Specialist,247
724,Director of Sales,236
725,Help Desk Operator,234
726,Assistant Media Planner,218
727,Account Executive,180
728,Database Administrator II,287
729,Marketing Manager,270
730,VP Marketing,289
731,Senior Editor,258
732,Staff Accountant IV,244
733,Design Engineer,295
734,Database Administrator IV,269
735,Accounting Assistant II,234
736,Developer IV,241
737,Software Engineer IV,206
738,Web Designer II,255
739,Civil Engineer,237
740,Statistician III,218
741,Accounting Assistant II,249
742,Geological Engineer,294
743,Financial Advisor,300
744,Assistant Manager,258
745,Electrical Engineer,202
746,Desktop Support Technician,276
747,Assistant Media Planner,248
748,Office Assistant III,287
749,Nurse Practicioner,215
750,Automation Specialist I,183
751,Help Desk Operator,258
752,Senior Quality Engineer,279
753,Desktop Support Technician,191
754,Web Developer II,191
755,Accountant IV,280
756,Legal Assistant,246
757,Junior Executive,255
758,Staff Accountant IV,288
759,Quality Engineer,226
760,Mechanical Systems Engineer,280
761,Assistant Media Planner,250
762,Systems Administrator I,258
763,Civil Engineer,298
764,VP Marketing,263
765,Research Associate,294
766,Desktop Support Technician,260
767,Operator,232
768,Environmental Tech,296
769,Account Executive,256
770,Senior Cost Accountant,272
771,VP Sales,286
772,Computer Systems Analyst I,227
773,Account Executive,236
774,Internal Auditor,225
775,Data Coordiator,206
776,Chief Design Engineer,200
777,Nurse Practicioner,283
778,Structural Analysis Engineer,271
779,Automation Specialist IV,242
780,Software Consultant,265
781,VP Product Management,285
782,Food Chemist,245
783,Chemical Engineer,279
784,Editor,237
785,Help Desk Operator,186
786,Electrical Engineer,259
787,Health Coach II,243
788,Software Test Engineer IV,282
789,Product Engineer,299
790,Physical Therapy Assistant,279
791,Assistant Manager,190
792,Recruiting Manager,187
793,Physical Therapy Assistant,217
794,Programmer I,188
795,Associate Professor,211
796,Programmer IV,271
797,Data Coordiator,195
798,Chief Design Engineer,217
799,Cost Accountant,259
800,Business Systems Development Analyst,299
801,Help Desk Technician,276
802,Actuary,181
803,Senior Sales Associate,288
804,Recruiter,230
805,Senior Sales Associate,256
806,Environmental Specialist,285
807,Editor,271
808,Executive Secretary,242
809,Technical Writer,281
810,Pharmacist,264
811,Database Administrator IV,189
812,Nuclear Power Engineer,279
813,Staff Accountant I,185
814,Web Developer II,227
815,Electrical Engineer,263
816,Paralegal,223
817,Associate Professor,255
818,Electrical Engineer,281
819,Computer Systems Analyst III,279
820,Internal Auditor,215
821,Sales Associate,300
822,Human Resources Manager,274
823,Data Coordiator,285
824,Statistician II,186
825,Biostatistician III,297
826,Business Systems Development Analyst,231
827,Graphic Designer,255
828,Administrative Officer,283
829,Help Desk Operator,287
830,Software Consultant,182
831,Computer Systems Analyst II,289
832,Administrative Officer,232
833,Web Developer I,285
834,Systems Administrator II,271
835,Safety Technician IV,254
836,Senior Financial Analyst,275
837,Web Designer II,279
838,Administrative Officer,210
839,Business Systems Development Analyst,209
840,Design Engineer,276
841,Software Consultant,233
842,Sales Associate,213
843,Cost Accountant,284
844,Software Consultant,197
845,Systems Administrator IV,233
846,Quality Control Specialist,214
847,Financial Advisor,240
848,Research Associate,229
849,General Manager,247
850,Tax Accountant,184
851,VP Sales,241
852,Nurse,206
853,Accountant I,205
854,Legal Assistant,215
855,Account Representative IV,260
856,Senior Financial Analyst,261
857,Geological Engineer,233
858,Recruiting Manager,262
859,Help Desk Operator,188
860,Cost Accountant,215
861,Senior Cost Accountant,231
862,Nurse Practicioner,272
863,Marketing Assistant,293
864,Senior Developer,222
865,Chemical Engineer,211
866,Account Executive,298
867,Web Designer I,196
868,Software Test Engineer III,251
869,Analyst Programmer,300
870,Actuary,286
871,Speech Pathologist,225
872,Tax Accountant,290
873,Database Administrator III,224
874,Environmental Tech,196
875,Analog Circuit Design manager,183
876,Assistant Media Planner,219
877,Legal Assistant,268
878,Compensation Analyst,240
879,Occupational Therapist,254
880,Cost Accountant,283
881,Senior Developer,275
882,Accountant II,233
883,Technical Writer,244
884,Media Manager I,246
885,Legal Assistant,219
886,Computer Systems Analyst III,227
887,Librarian,194
888,Community Outreach Specialist,274
889,Geologist III,212
890,Registered Nurse,253
891,Chief Design Engineer,218
892,Nurse,180
893,Desktop Support Technician,201
894,Environmental Tech,240
895,Chief Design Engineer,237
896,Staff Accountant IV,294
897,Senior Financial Analyst,284
898,Budget/Accounting Analyst I,286
899,Nurse,234
900,Senior Developer,192
901,VP Quality Control,203
902,Database Administrator II,240
903,Accounting Assistant II,224
904,Recruiter,243
905,Associate Professor,243
906,Project Manager,208
907,Computer Systems Analyst IV,275
908,Budget/Accounting Analyst I,270
909,Graphic Designer,196
910,Quality Engineer,248
911,Research Assistant III,249
912,Food Chemist,263
913,Business Systems Development Analyst,248
914,Developer II,200
915,Mechanical Systems Engineer,277
916,VP Sales,207
917,Civil Engineer,218
918,Systems Administrator III,218
919,Occupational Therapist,212
920,Budget/Accounting Analyst III,271
921,Marketing Assistant,262
922,Analyst Programmer,277
923,Pharmacist,194
924,Systems Administrator I,283
925,Help Desk Technician,288
926,Media Manager IV,262
927,Professor,238
928,Senior Financial Analyst,240
929,Marketing Assistant,237
930,Structural Analysis Engineer,214
931,Community Outreach Specialist,181
932,Chief Design Engineer,264
933,Staff Scientist,186
934,Information Systems Manager,216
935,Assistant Media Planner,221
936,Clinical Specialist,256
937,Physical Therapy Assistant,252
938,Office Assistant II,255
939,Computer Systems Analyst IV,201
940,Help Desk Operator,215
941,Account Representative IV,250
942,Professor,219
943,Payment Adjustment Coordinator,218
944,Office Assistant III,261
945,Food Chemist,280
946,GIS Technical Architect,260
947,Food Chemist,263
948,Automation Specialist II,258
949,Database Administrator II,223
950,Director of Sales,248
951,Project Manager,264
952,Accounting Assistant IV,181
953,Graphic Designer,208
954,Senior Financial Analyst,250
955,Accounting Assistant II,292
956,Nurse,225
957,Administrative Assistant III,288
958,Assistant Professor,265
959,Safety Technician IV,196
960,Help Desk Technician,273
961,Programmer Analyst I,198
962,Design Engineer,285
963,Senior Quality Engineer,247
964,Senior Editor,259
965,Human Resources Manager,257
966,Account Coordinator,245
967,Quality Control Specialist,218
968,General Manager,266
969,VP Product Management,237
970,Research Assistant IV,273
971,Nurse Practicioner,260
972,Software Engineer I,229
973,Environmental Tech,208
974,Actuary,252
975,Safety Technician III,246
976,Editor,258
977,Human Resources Assistant IV,201
978,Actuary,198
979,Chief Design Engineer,228
980,Paralegal,279
981,Engineer II,213
982,Programmer IV,187
983,Environmental Specialist,228
984,Senior Developer,194
985,Help Desk Technician,258
986,Staff Scientist,201
987,Senior Editor,221
988,Director of Sales,270
989,Assistant Professor,186
990,Accountant IV,230
991,Help Desk Technician,244
992,VP Accounting,184
993,Staff Accountant I,194
994,Senior Developer,299
995,Structural Engineer,218
996,VP Sales,230
997,Marketing Manager,299
998,Marketing Assistant,257
999,Nurse,285
1000,Senior Cost Accountant,297
